primary_product_id,orders,revenue,margin,average_order_value
1,731,42009.62,25900.00,57.468700
2,144,9118.46,5710.00,63.322639
3,126,6474.61,4386.50,51.385794
